EulerBernoulli 2.000000,x_inicial,x_final,Desplazamiento_i,Giro_i,Desplazamiento_j,Giro_j,Cortante_i,Momento_i_ext,Cortante_j,Momento_j_ext,0.115470
,0.000000 ,0.050000 ,0.000000 ,0.000000 ,-0.000000 ,-0.000005 ,50000.000000 ,5000.000000 ,-50000.000000 ,-2500.000000 
,0.050000 ,0.100000 ,-0.000000 ,-0.000005 ,-0.000000 ,-0.000007 ,50000.000000 ,2500.000000 ,-50000.000000 ,-0.000000 
,0.000000 ,0.060000 ,0.000000 ,0.000000 ,-0.000000 ,-0.000008 ,50000.000000 ,6000.000000 ,-50000.000000 ,-3000.000000 
,0.060000 ,0.120000 ,-0.000000 ,-0.000008 ,-0.000001 ,-0.000010 ,50000.000000 ,3000.000000 ,-50000.000000 ,-0.000000 
,0.000000 ,0.070000 ,0.000000 ,0.000000 ,-0.000000 ,-0.000011 ,50000.000000 ,7000.000000 ,-50000.000000 ,-3500.000000 
,0.070000 ,0.140000 ,-0.000000 ,-0.000011 ,-0.000001 ,-0.000014 ,50000.000000 ,3500.000000 ,-50000.000000 ,0.000000 
,0.000000 ,0.080000 ,0.000000 ,0.000000 ,-0.000001 ,-0.000014 ,50000.000000 ,8000.000000 ,-50000.000000 ,-4000.000000 
,0.080000 ,0.160000 ,-0.000001 ,-0.000014 ,-0.000002 ,-0.000019 ,50000.000000 ,4000.000000 ,-50000.000000 ,-0.000000 
,0.000000 ,0.090000 ,0.000000 ,0.000000 ,-0.000001 ,-0.000018 ,50000.000000 ,9000.000000 ,-50000.000000 ,-4500.000000 
,0.090000 ,0.180000 ,-0.000001 ,-0.000018 ,-0.000003 ,-0.000024 ,50000.000000 ,4500.000000 ,-50000.000000 ,-0.000000 
,0.000000 ,0.100000 ,0.000000 ,0.000000 ,-0.000001 ,-0.000022 ,50000.000000 ,10000.000000 ,-50000.000000 ,-5000.000000 
,0.100000 ,0.200000 ,-0.000001 ,-0.000022 ,-0.000004 ,-0.000029 ,50000.000000 ,5000.000000 ,-50000.000000 ,0.000000 
,0.000000 ,0.110000 ,0.000000 ,0.000000 ,-0.000002 ,-0.000026 ,50000.000000 ,11000.000000 ,-50000.000000 ,-5500.000000 
,0.110000 ,0.220000 ,-0.000002 ,-0.000026 ,-0.000005 ,-0.000035 ,50000.000000 ,5500.000000 ,-50000.000000 ,0.000000 
,0.000000 ,0.120000 ,0.000000 ,0.000000 ,-0.000002 ,-0.000031 ,50000.000000 ,12000.000000 ,-50000.000000 ,-6000.000000 
,0.120000 ,0.240000 ,-0.000002 ,-0.000031 ,-0.000007 ,-0.000042 ,50000.000000 ,6000.000000 ,-50000.000000 ,-0.000000 
,0.000000 ,0.130000 ,0.000000 ,0.000000 ,-0.000003 ,-0.000037 ,50000.000000 ,13000.000000 ,-50000.000000 ,-6500.000000 
,0.130000 ,0.260000 ,-0.000003 ,-0.000037 ,-0.000009 ,-0.000049 ,50000.000000 ,6500.000000 ,-50000.000000 ,0.000000 
,0.000000 ,0.140000 ,0.000000 ,0.000000 ,-0.000003 ,-0.000043 ,50000.000000 ,14000.000000 ,-50000.000000 ,-7000.000000 
,0.140000 ,0.280000 ,-0.000003 ,-0.000043 ,-0.000011 ,-0.000057 ,50000.000000 ,7000.000000 ,-50000.000000 ,0.000000 
,0.000000 ,0.150000 ,0.000000 ,0.000000 ,-0.000004 ,-0.000049 ,50000.000000 ,15000.000000 ,-50000.000000 ,-7500.000000 
,0.150000 ,0.300000 ,-0.000004 ,-0.000049 ,-0.000013 ,-0.000065 ,50000.000000 ,7500.000000 ,-50000.000000 ,-0.000000 
,0.000000 ,0.160000 ,0.000000 ,0.000000 ,-0.000005 ,-0.000056 ,50000.000000 ,16000.000000 ,-50000.000000 ,-8000.000000 
,0.160000 ,0.320000 ,-0.000005 ,-0.000056 ,-0.000016 ,-0.000074 ,50000.000000 ,8000.000000 ,-50000.000000 ,0.000000 
,0.000000 ,0.170000 ,0.000000 ,0.000000 ,-0.000006 ,-0.000063 ,50000.000000 ,17000.000000 ,-50000.000000 ,-8500.000000 
,0.170000 ,0.340000 ,-0.000006 ,-0.000063 ,-0.000019 ,-0.000084 ,50000.000000 ,8500.000000 ,-50000.000000 ,-0.000000 
,0.000000 ,0.180000 ,0.000000 ,0.000000 ,-0.000007 ,-0.000071 ,50000.000000 ,18000.000000 ,-50000.000000 ,-9000.000000 
,0.180000 ,0.360000 ,-0.000007 ,-0.000071 ,-0.000023 ,-0.000094 ,50000.000000 ,9000.000000 ,-50000.000000 ,0.000000 
,0.000000 ,0.190000 ,0.000000 ,0.000000 ,-0.000008 ,-0.000079 ,50000.000000 ,19000.000000 ,-50000.000000 ,-9500.000000 
,0.190000 ,0.380000 ,-0.000008 ,-0.000079 ,-0.000027 ,-0.000105 ,50000.000000 ,9500.000000 ,-50000.000000 ,-0.000000 
,0.000000 ,0.200000 ,0.000000 ,0.000000 ,-0.000010 ,-0.000087 ,50000.000000 ,20000.000000 ,-50000.000000 ,-10000.000000 
,0.200000 ,0.400000 ,-0.000010 ,-0.000087 ,-0.000031 ,-0.000116 ,50000.000000 ,10000.000000 ,-50000.000000 ,-0.000000 
,0.000000 ,0.210000 ,0.000000 ,0.000000 ,-0.000011 ,-0.000096 ,50000.000000 ,21000.000000 ,-50000.000000 ,-10500.000000 
,0.210000 ,0.420000 ,-0.000011 ,-0.000096 ,-0.000036 ,-0.000128 ,50000.000000 ,10500.000000 ,-50000.000000 ,-0.000000 
,0.000000 ,0.220000 ,0.000000 ,0.000000 ,-0.000013 ,-0.000106 ,50000.000000 ,22000.000000 ,-50000.000000 ,-11000.000000 
,0.220000 ,0.440000 ,-0.000013 ,-0.000106 ,-0.000041 ,-0.000141 ,50000.000000 ,11000.000000 ,-50000.000000 ,0.000000 
,0.000000 ,0.230000 ,0.000000 ,0.000000 ,-0.000015 ,-0.000115 ,50000.000000 ,23000.000000 ,-50000.000000 ,-11500.000000 
,0.230000 ,0.460000 ,-0.000015 ,-0.000115 ,-0.000047 ,-0.000154 ,50000.000000 ,11500.000000 ,-50000.000000 ,0.000000 
,0.000000 ,0.240000 ,0.000000 ,0.000000 ,-0.000017 ,-0.000126 ,50000.000000 ,24000.000000 ,-50000.000000 ,-12000.000000 
,0.240000 ,0.480000 ,-0.000017 ,-0.000126 ,-0.000054 ,-0.000167 ,50000.000000 ,12000.000000 ,-50000.000000 ,-0.000000 
,0.000000 ,0.250000 ,0.000000 ,0.000000 ,-0.000019 ,-0.000136 ,50000.000000 ,25000.000000 ,-50000.000000 ,-12500.000000 
,0.250000 ,0.500000 ,-0.000019 ,-0.000136 ,-0.000061 ,-0.000182 ,50000.000000 ,12500.000000 ,-50000.000000 ,-0.000000 
,0.000000 ,0.260000 ,0.000000 ,0.000000 ,-0.000021 ,-0.000147 ,50000.000000 ,26000.000000 ,-50000.000000 ,-13000.000000 
,0.260000 ,0.520000 ,-0.000021 ,-0.000147 ,-0.000068 ,-0.000197 ,50000.000000 ,13000.000000 ,-50000.000000 ,0.000000 
,0.000000 ,0.270000 ,0.000000 ,0.000000 ,-0.000024 ,-0.000159 ,50000.000000 ,27000.000000 ,-50000.000000 ,-13500.000000 
,0.270000 ,0.540000 ,-0.000024 ,-0.000159 ,-0.000076 ,-0.000212 ,50000.000000 ,13500.000000 ,-50000.000000 ,-0.000000 
,0.000000 ,0.280000 ,0.000000 ,0.000000 ,-0.000027 ,-0.000171 ,50000.000000 ,28000.000000 ,-50000.000000 ,-14000.000000 
,0.280000 ,0.560000 ,-0.000027 ,-0.000171 ,-0.000085 ,-0.000228 ,50000.000000 ,14000.000000 ,-50000.000000 ,0.000000 
,0.000000 ,0.290000 ,0.000000 ,0.000000 ,-0.000030 ,-0.000183 ,50000.000000 ,29000.000000 ,-50000.000000 ,-14500.000000 
,0.290000 ,0.580000 ,-0.000030 ,-0.000183 ,-0.000095 ,-0.000244 ,50000.000000 ,14500.000000 ,-50000.000000 ,-0.000000 
,0.000000 ,0.300000 ,0.000000 ,0.000000 ,-0.000033 ,-0.000196 ,50000.000000 ,30000.000000 ,-50000.000000 ,-15000.000000 
,0.300000 ,0.600000 ,-0.000033 ,-0.000196 ,-0.000105 ,-0.000262 ,50000.000000 ,15000.000000 ,-50000.000000 ,-0.000000 
,0.000000 ,0.310000 ,0.000000 ,0.000000 ,-0.000036 ,-0.000210 ,50000.000000 ,31000.000000 ,-50000.000000 ,-15500.000000 
,0.310000 ,0.620000 ,-0.000036 ,-0.000210 ,-0.000115 ,-0.000279 ,50000.000000 ,15500.000000 ,-50000.000000 ,-0.000000 
,0.000000 ,0.320000 ,0.000000 ,0.000000 ,-0.000040 ,-0.000223 ,50000.000000 ,32000.000000 ,-50000.000000 ,-16000.000000 
,0.320000 ,0.640000 ,-0.000040 ,-0.000223 ,-0.000127 ,-0.000298 ,50000.000000 ,16000.000000 ,-50000.000000 ,-0.000000 
,0.000000 ,0.330000 ,0.000000 ,0.000000 ,-0.000044 ,-0.000237 ,50000.000000 ,33000.000000 ,-50000.000000 ,-16500.000000 
,0.330000 ,0.660000 ,-0.000044 ,-0.000237 ,-0.000139 ,-0.000317 ,50000.000000 ,16500.000000 ,-50000.000000 ,0.000000 
,0.000000 ,0.340000 ,0.000000 ,0.000000 ,-0.000048 ,-0.000252 ,50000.000000 ,34000.000000 ,-50000.000000 ,-17000.000000 
,0.340000 ,0.680000 ,-0.000048 ,-0.000252 ,-0.000152 ,-0.000336 ,50000.000000 ,17000.000000 ,-50000.000000 ,-0.000000 
,0.000000 ,0.350000 ,0.000000 ,0.000000 ,-0.000052 ,-0.000267 ,50000.000000 ,35000.000000 ,-50000.000000 ,-17500.000000 
,0.350000 ,0.700000 ,-0.000052 ,-0.000267 ,-0.000166 ,-0.000356 ,50000.000000 ,17500.000000 ,-50000.000000 ,0.000000 
,0.000000 ,0.360000 ,0.000000 ,0.000000 ,-0.000057 ,-0.000283 ,50000.000000 ,36000.000000 ,-50000.000000 ,-18000.000000 
,0.360000 ,0.720000 ,-0.000057 ,-0.000283 ,-0.000181 ,-0.000377 ,50000.000000 ,18000.000000 ,-50000.000000 ,-0.000000 
,0.000000 ,0.370000 ,0.000000 ,0.000000 ,-0.000061 ,-0.000298 ,50000.000000 ,37000.000000 ,-50000.000000 ,-18500.000000 
,0.370000 ,0.740000 ,-0.000061 ,-0.000298 ,-0.000196 ,-0.000398 ,50000.000000 ,18500.000000 ,-50000.000000 ,-0.000000 
,0.000000 ,0.380000 ,0.000000 ,0.000000 ,-0.000066 ,-0.000315 ,50000.000000 ,38000.000000 ,-50000.000000 ,-19000.000000 
,0.380000 ,0.760000 ,-0.000066 ,-0.000315 ,-0.000213 ,-0.000420 ,50000.000000 ,19000.000000 ,-50000.000000 ,0.000000 
,0.000000 ,0.390000 ,0.000000 ,0.000000 ,-0.000072 ,-0.000332 ,50000.000000 ,39000.000000 ,-50000.000000 ,-19500.000000 
,0.390000 ,0.780000 ,-0.000072 ,-0.000332 ,-0.000230 ,-0.000442 ,50000.000000 ,19500.000000 ,-50000.000000 ,-0.000000 
,0.000000 ,0.400000 ,0.000000 ,0.000000 ,-0.000078 ,-0.000349 ,50000.000000 ,40000.000000 ,-50000.000000 ,-20000.000000 
,0.400000 ,0.800000 ,-0.000078 ,-0.000349 ,-0.000248 ,-0.000465 ,50000.000000 ,20000.000000 ,-50000.000000 ,0.000000 
,0.000000 ,0.410000 ,0.000000 ,0.000000 ,-0.000083 ,-0.000366 ,50000.000000 ,41000.000000 ,-50000.000000 ,-20500.000000 
,0.410000 ,0.820000 ,-0.000083 ,-0.000366 ,-0.000267 ,-0.000489 ,50000.000000 ,20500.000000 ,-50000.000000 ,0.000000 
,0.000000 ,0.420000 ,0.000000 ,0.000000 ,-0.000090 ,-0.000385 ,50000.000000 ,42000.000000 ,-50000.000000 ,-21000.000000 
,0.420000 ,0.840000 ,-0.000090 ,-0.000385 ,-0.000287 ,-0.000513 ,50000.000000 ,21000.000000 ,-50000.000000 ,0.000000 
,0.000000 ,0.430000 ,0.000000 ,0.000000 ,-0.000096 ,-0.000403 ,50000.000000 ,43000.000000 ,-50000.000000 ,-21500.000000 
,0.430000 ,0.860000 ,-0.000096 ,-0.000403 ,-0.000308 ,-0.000538 ,50000.000000 ,21500.000000 ,-50000.000000 ,0.000000 
,0.000000 ,0.440000 ,0.000000 ,0.000000 ,-0.000103 ,-0.000422 ,50000.000000 ,44000.000000 ,-50000.000000 ,-22000.000000 
,0.440000 ,0.880000 ,-0.000103 ,-0.000422 ,-0.000330 ,-0.000563 ,50000.000000 ,22000.000000 ,-50000.000000 ,0.000000 
,0.000000 ,0.450000 ,0.000000 ,0.000000 ,-0.000110 ,-0.000441 ,50000.000000 ,45000.000000 ,-50000.000000 ,-22500.000000 
,0.450000 ,0.900000 ,-0.000110 ,-0.000441 ,-0.000353 ,-0.000589 ,50000.000000 ,22500.000000 ,-50000.000000 ,-0.000000 
,0.000000 ,0.460000 ,0.000000 ,0.000000 ,-0.000118 ,-0.000461 ,50000.000000 ,46000.000000 ,-50000.000000 ,-23000.000000 
,0.460000 ,0.920000 ,-0.000118 ,-0.000461 ,-0.000377 ,-0.000615 ,50000.000000 ,23000.000000 ,-50000.000000 ,-0.000000 
,0.000000 ,0.470000 ,0.000000 ,0.000000 ,-0.000126 ,-0.000482 ,50000.000000 ,47000.000000 ,-50000.000000 ,-23500.000000 
,0.470000 ,0.940000 ,-0.000126 ,-0.000482 ,-0.000402 ,-0.000642 ,50000.000000 ,23500.000000 ,-50000.000000 ,-0.000000 
,0.000000 ,0.480000 ,0.000000 ,0.000000 ,-0.000134 ,-0.000502 ,50000.000000 ,48000.000000 ,-50000.000000 ,-24000.000000 
,0.480000 ,0.960000 ,-0.000134 ,-0.000502 ,-0.000429 ,-0.000670 ,50000.000000 ,24000.000000 ,-50000.000000 ,-0.000000 
,0.000000 ,0.490000 ,0.000000 ,0.000000 ,-0.000143 ,-0.000523 ,50000.000000 ,49000.000000 ,-50000.000000 ,-24500.000000 
,0.490000 ,0.980000 ,-0.000143 ,-0.000523 ,-0.000456 ,-0.000698 ,50000.000000 ,24500.000000 ,-50000.000000 ,-0.000000 
,0.000000 ,0.500000 ,0.000000 ,0.000000 ,-0.000151 ,-0.000545 ,50000.000000 ,50000.000000 ,-50000.000000 ,-25000.000000 
,0.500000 ,1.000000 ,-0.000151 ,-0.000545 ,-0.000484 ,-0.000727 ,50000.000000 ,25000.000000 ,-50000.000000 ,-0.000000 
,0.000000 ,0.510000 ,0.000000 ,0.000000 ,-0.000161 ,-0.000567 ,50000.000000 ,51000.000000 ,-50000.000000 ,-25500.000000 
,0.510000 ,1.020000 ,-0.000161 ,-0.000567 ,-0.000514 ,-0.000756 ,50000.000000 ,25500.000000 ,-50000.000000 ,-0.000000 
,0.000000 ,0.520000 ,0.000000 ,0.000000 ,-0.000170 ,-0.000590 ,50000.000000 ,52000.000000 ,-50000.000000 ,-26000.000000 
,0.520000 ,1.040000 ,-0.000170 ,-0.000590 ,-0.000545 ,-0.000786 ,50000.000000 ,26000.000000 ,-50000.000000 ,0.000000 
,0.000000 ,0.530000 ,0.000000 ,0.000000 ,-0.000180 ,-0.000612 ,50000.000000 ,53000.000000 ,-50000.000000 ,-26500.000000 
,0.530000 ,1.060000 ,-0.000180 ,-0.000612 ,-0.000577 ,-0.000817 ,50000.000000 ,26500.000000 ,-50000.000000 ,-0.000000 
,0.000000 ,0.540000 ,0.000000 ,0.000000 ,-0.000191 ,-0.000636 ,50000.000000 ,54000.000000 ,-50000.000000 ,-27000.000000 
,0.540000 ,1.080000 ,-0.000191 ,-0.000636 ,-0.000610 ,-0.000848 ,50000.000000 ,27000.000000 ,-50000.000000 ,-0.000000 
,0.000000 ,0.550000 ,0.000000 ,0.000000 ,-0.000202 ,-0.000660 ,50000.000000 ,55000.000000 ,-50000.000000 ,-27500.000000 
,0.550000 ,1.100000 ,-0.000202 ,-0.000660 ,-0.000645 ,-0.000879 ,50000.000000 ,27500.000000 ,-50000.000000 ,0.000000 
,0.000000 ,0.560000 ,0.000000 ,0.000000 ,-0.000213 ,-0.000684 ,50000.000000 ,56000.000000 ,-50000.000000 ,-28000.000000 
,0.560000 ,1.120000 ,-0.000213 ,-0.000684 ,-0.000681 ,-0.000912 ,50000.000000 ,28000.000000 ,-50000.000000 ,0.000000 
,0.000000 ,0.570000 ,0.000000 ,0.000000 ,-0.000224 ,-0.000708 ,50000.000000 ,57000.000000 ,-50000.000000 ,-28500.000000 
,0.570000 ,1.140000 ,-0.000224 ,-0.000708 ,-0.000718 ,-0.000944 ,50000.000000 ,28500.000000 ,-50000.000000 ,-0.000000 
,0.000000 ,0.580000 ,0.000000 ,0.000000 ,-0.000236 ,-0.000733 ,50000.000000 ,58000.000000 ,-50000.000000 ,-29000.000000 
,0.580000 ,1.160000 ,-0.000236 ,-0.000733 ,-0.000756 ,-0.000978 ,50000.000000 ,29000.000000 ,-50000.000000 ,-0.000000 
,0.000000 ,0.590000 ,0.000000 ,0.000000 ,-0.000249 ,-0.000759 ,50000.000000 ,59000.000000 ,-50000.000000 ,-29500.000000 
,0.590000 ,1.180000 ,-0.000249 ,-0.000759 ,-0.000796 ,-0.001012 ,50000.000000 ,29500.000000 ,-50000.000000 ,0.000000 
,0.000000 ,0.600000 ,0.000000 ,0.000000 ,-0.000262 ,-0.000785 ,50000.000000 ,60000.000000 ,-50000.000000 ,-30000.000000 
,0.600000 ,1.200000 ,-0.000262 ,-0.000785 ,-0.000837 ,-0.001047 ,50000.000000 ,30000.000000 ,-50000.000000 ,-0.000000 
,0.000000 ,0.610000 ,0.000000 ,0.000000 ,-0.000275 ,-0.000811 ,50000.000000 ,61000.000000 ,-50000.000000 ,-30500.000000 
,0.610000 ,1.220000 ,-0.000275 ,-0.000811 ,-0.000880 ,-0.001082 ,50000.000000 ,30500.000000 ,-50000.000000 ,-0.000000 
,0.000000 ,0.620000 ,0.000000 ,0.000000 ,-0.000289 ,-0.000838 ,50000.000000 ,62000.000000 ,-50000.000000 ,-31000.000000 
,0.620000 ,1.240000 ,-0.000289 ,-0.000838 ,-0.000924 ,-0.001117 ,50000.000000 ,31000.000000 ,-50000.000000 ,0.000000 
,0.000000 ,0.630000 ,0.000000 ,0.000000 ,-0.000303 ,-0.000865 ,50000.000000 ,63000.000000 ,-50000.000000 ,-31500.000000 
,0.630000 ,1.260000 ,-0.000303 ,-0.000865 ,-0.000969 ,-0.001154 ,50000.000000 ,31500.000000 ,-50000.000000 ,-0.000000 
,0.000000 ,0.640000 ,0.000000 ,0.000000 ,-0.000318 ,-0.000893 ,50000.000000 ,64000.000000 ,-50000.000000 ,-32000.000000 
,0.640000 ,1.280000 ,-0.000318 ,-0.000893 ,-0.001016 ,-0.001191 ,50000.000000 ,32000.000000 ,-50000.000000 ,0.000000 
,0.000000 ,0.650000 ,0.000000 ,0.000000 ,-0.000333 ,-0.000921 ,50000.000000 ,65000.000000 ,-50000.000000 ,-32500.000000 
,0.650000 ,1.300000 ,-0.000333 ,-0.000921 ,-0.001064 ,-0.001228 ,50000.000000 ,32500.000000 ,-50000.000000 ,-0.000000 
,0.000000 ,0.660000 ,0.000000 ,0.000000 ,-0.000348 ,-0.000950 ,50000.000000 ,66000.000000 ,-50000.000000 ,-33000.000000 
,0.660000 ,1.320000 ,-0.000348 ,-0.000950 ,-0.001114 ,-0.001266 ,50000.000000 ,33000.000000 ,-50000.000000 ,-0.000000 
,0.000000 ,0.670000 ,0.000000 ,0.000000 ,-0.000364 ,-0.000979 ,50000.000000 ,67000.000000 ,-50000.000000 ,-33500.000000 
,0.670000 ,1.340000 ,-0.000364 ,-0.000979 ,-0.001166 ,-0.001305 ,50000.000000 ,33500.000000 ,-50000.000000 ,0.000000 
,0.000000 ,0.680000 ,0.000000 ,0.000000 ,-0.000381 ,-0.001008 ,50000.000000 ,68000.000000 ,-50000.000000 ,-34000.000000 
,0.680000 ,1.360000 ,-0.000381 ,-0.001008 ,-0.001219 ,-0.001344 ,50000.000000 ,34000.000000 ,-50000.000000 ,-0.000000 
,0.000000 ,0.690000 ,0.000000 ,0.000000 ,-0.000398 ,-0.001038 ,50000.000000 ,69000.000000 ,-50000.000000 ,-34500.000000 
,0.690000 ,1.380000 ,-0.000398 ,-0.001038 ,-0.001273 ,-0.001384 ,50000.000000 ,34500.000000 ,-50000.000000 ,-0.000000 
,0.000000 ,0.700000 ,0.000000 ,0.000000 ,-0.000415 ,-0.001068 ,50000.000000 ,70000.000000 ,-50000.000000 ,-35000.000000 
,0.700000 ,1.400000 ,-0.000415 ,-0.001068 ,-0.001329 ,-0.001424 ,50000.000000 ,35000.000000 ,-50000.000000 ,0.000000 
,0.000000 ,0.710000 ,0.000000 ,0.000000 ,-0.000434 ,-0.001099 ,50000.000000 ,71000.000000 ,-50000.000000 ,-35500.000000 
,0.710000 ,1.420000 ,-0.000434 ,-0.001099 ,-0.001387 ,-0.001465 ,50000.000000 ,35500.000000 ,-50000.000000 ,-0.000000 
,0.000000 ,0.720000 ,0.000000 ,0.000000 ,-0.000452 ,-0.001130 ,50000.000000 ,72000.000000 ,-50000.000000 ,-36000.000000 
,0.720000 ,1.440000 ,-0.000452 ,-0.001130 ,-0.001447 ,-0.001507 ,50000.000000 ,36000.000000 ,-50000.000000 ,0.000000 
,0.000000 ,0.730000 ,0.000000 ,0.000000 ,-0.000471 ,-0.001162 ,50000.000000 ,73000.000000 ,-50000.000000 ,-36500.000000 
,0.730000 ,1.460000 ,-0.000471 ,-0.001162 ,-0.001508 ,-0.001549 ,50000.000000 ,36500.000000 ,-50000.000000 ,-0.000000 
,0.000000 ,0.740000 ,0.000000 ,0.000000 ,-0.000491 ,-0.001194 ,50000.000000 ,74000.000000 ,-50000.000000 ,-37000.000000 
,0.740000 ,1.480000 ,-0.000491 ,-0.001194 ,-0.001571 ,-0.001592 ,50000.000000 ,37000.000000 ,-50000.000000 ,0.000000 
,0.000000 ,0.750000 ,0.000000 ,0.000000 ,-0.000511 ,-0.001226 ,50000.000000 ,75000.000000 ,-50000.000000 ,-37500.000000 
,0.750000 ,1.500000 ,-0.000511 ,-0.001226 ,-0.001635 ,-0.001635 ,50000.000000 ,37500.000000 ,-50000.000000 ,-0.000000 
,0.000000 ,0.760000 ,0.000000 ,0.000000 ,-0.000532 ,-0.001259 ,50000.000000 ,76000.000000 ,-50000.000000 ,-38000.000000 
,0.760000 ,1.520000 ,-0.000532 ,-0.001259 ,-0.001701 ,-0.001679 ,50000.000000 ,38000.000000 ,-50000.000000 ,-0.000000 
,0.000000 ,0.770000 ,0.000000 ,0.000000 ,-0.000553 ,-0.001293 ,50000.000000 ,77000.000000 ,-50000.000000 ,-38500.000000 
,0.770000 ,1.540000 ,-0.000553 ,-0.001293 ,-0.001770 ,-0.001724 ,50000.000000 ,38500.000000 ,-50000.000000 ,0.000000 
,0.000000 ,0.780000 ,0.000000 ,0.000000 ,-0.000575 ,-0.001326 ,50000.000000 ,78000.000000 ,-50000.000000 ,-39000.000000 
,0.780000 ,1.560000 ,-0.000575 ,-0.001326 ,-0.001839 ,-0.001769 ,50000.000000 ,39000.000000 ,-50000.000000 ,-0.000000 
,0.000000 ,0.790000 ,0.000000 ,0.000000 ,-0.000597 ,-0.001361 ,50000.000000 ,79000.000000 ,-50000.000000 ,-39500.000000 
,0.790000 ,1.580000 ,-0.000597 ,-0.001361 ,-0.001911 ,-0.001814 ,50000.000000 ,39500.000000 ,-50000.000000 ,-0.000000 
,0.000000 ,0.800000 ,0.000000 ,0.000000 ,-0.000620 ,-0.001395 ,50000.000000 ,80000.000000 ,-50000.000000 ,-40000.000000 
,0.800000 ,1.600000 ,-0.000620 ,-0.001395 ,-0.001984 ,-0.001860 ,50000.000000 ,40000.000000 ,-50000.000000 ,-0.000000 
,0.000000 ,0.810000 ,0.000000 ,0.000000 ,-0.000644 ,-0.001430 ,50000.000000 ,81000.000000 ,-50000.000000 ,-40500.000000 
,0.810000 ,1.620000 ,-0.000644 ,-0.001430 ,-0.002060 ,-0.001907 ,50000.000000 ,40500.000000 ,-50000.000000 ,0.000000 
,0.000000 ,0.820000 ,0.000000 ,0.000000 ,-0.000668 ,-0.001466 ,50000.000000 ,82000.000000 ,-50000.000000 ,-41000.000000 
,0.820000 ,1.640000 ,-0.000668 ,-0.001466 ,-0.002137 ,-0.001955 ,50000.000000 ,41000.000000 ,-50000.000000 ,-0.000000 
,0.000000 ,0.830000 ,0.000000 ,0.000000 ,-0.000693 ,-0.001502 ,50000.000000 ,83000.000000 ,-50000.000000 ,-41500.000000 
,0.830000 ,1.660000 ,-0.000693 ,-0.001502 ,-0.002216 ,-0.002003 ,50000.000000 ,41500.000000 ,-50000.000000 ,-0.000000 
,0.000000 ,0.840000 ,0.000000 ,0.000000 ,-0.000718 ,-0.001538 ,50000.000000 ,84000.000000 ,-50000.000000 ,-42000.000000 
,0.840000 ,1.680000 ,-0.000718 ,-0.001538 ,-0.002297 ,-0.002051 ,50000.000000 ,42000.000000 ,-50000.000000 ,-0.000000 
,0.000000 ,0.850000 ,0.000000 ,0.000000 ,-0.000744 ,-0.001575 ,50000.000000 ,85000.000000 ,-50000.000000 ,-42500.000000 
,0.850000 ,1.700000 ,-0.000744 ,-0.001575 ,-0.002380 ,-0.002100 ,50000.000000 ,42500.000000 ,-50000.000000 ,-0.000000 
,0.000000 ,0.860000 ,0.000000 ,0.000000 ,-0.000770 ,-0.001612 ,50000.000000 ,86000.000000 ,-50000.000000 ,-43000.000000 
,0.860000 ,1.720000 ,-0.000770 ,-0.001612 ,-0.002465 ,-0.002150 ,50000.000000 ,43000.000000 ,-50000.000000 ,0.000000 
,0.000000 ,0.870000 ,0.000000 ,0.000000 ,-0.000798 ,-0.001650 ,50000.000000 ,87000.000000 ,-50000.000000 ,-43500.000000 
,0.870000 ,1.740000 ,-0.000798 ,-0.001650 ,-0.002552 ,-0.002200 ,50000.000000 ,43500.000000 ,-50000.000000 ,-0.000000 
,0.000000 ,0.880000 ,0.000000 ,0.000000 ,-0.000825 ,-0.001688 ,50000.000000 ,88000.000000 ,-50000.000000 ,-44000.000000 
,0.880000 ,1.760000 ,-0.000825 ,-0.001688 ,-0.002641 ,-0.002251 ,50000.000000 ,44000.000000 ,-50000.000000 ,0.000000 
,0.000000 ,0.890000 ,0.000000 ,0.000000 ,-0.000854 ,-0.001727 ,50000.000000 ,89000.000000 ,-50000.000000 ,-44500.000000 
,0.890000 ,1.780000 ,-0.000854 ,-0.001727 ,-0.002732 ,-0.002303 ,50000.000000 ,44500.000000 ,-50000.000000 ,0.000000 
,0.000000 ,0.900000 ,0.000000 ,0.000000 ,-0.000883 ,-0.001766 ,50000.000000 ,90000.000000 ,-50000.000000 ,-45000.000000 
,0.900000 ,1.800000 ,-0.000883 ,-0.001766 ,-0.002826 ,-0.002355 ,50000.000000 ,45000.000000 ,-50000.000000 ,0.000000 
,0.000000 ,0.910000 ,0.000000 ,0.000000 ,-0.000913 ,-0.001805 ,50000.000000 ,91000.000000 ,-50000.000000 ,-45500.000000 
,0.910000 ,1.820000 ,-0.000913 ,-0.001805 ,-0.002921 ,-0.002407 ,50000.000000 ,45500.000000 ,-50000.000000 ,-0.000000 
,0.000000 ,0.920000 ,0.000000 ,0.000000 ,-0.000943 ,-0.001845 ,50000.000000 ,92000.000000 ,-50000.000000 ,-46000.000000 
,0.920000 ,1.840000 ,-0.000943 ,-0.001845 ,-0.003018 ,-0.002460 ,50000.000000 ,46000.000000 ,-50000.000000 ,-0.000000 
,0.000000 ,0.930000 ,0.000000 ,0.000000 ,-0.000974 ,-0.001886 ,50000.000000 ,93000.000000 ,-50000.000000 ,-46500.000000 
,0.930000 ,1.860000 ,-0.000974 ,-0.001886 ,-0.003118 ,-0.002514 ,50000.000000 ,46500.000000 ,-50000.000000 ,0.000000 
,0.000000 ,0.940000 ,0.000000 ,0.000000 ,-0.001006 ,-0.001926 ,50000.000000 ,94000.000000 ,-50000.000000 ,-47000.000000 
,0.940000 ,1.880000 ,-0.001006 ,-0.001926 ,-0.003219 ,-0.002569 ,50000.000000 ,47000.000000 ,-50000.000000 ,-0.000000 
,0.000000 ,0.950000 ,0.000000 ,0.000000 ,-0.001038 ,-0.001968 ,50000.000000 ,95000.000000 ,-50000.000000 ,-47500.000000 
,0.950000 ,1.900000 ,-0.001038 ,-0.001968 ,-0.003323 ,-0.002624 ,50000.000000 ,47500.000000 ,-50000.000000 ,-0.000000 
,0.000000 ,0.960000 ,0.000000 ,0.000000 ,-0.001072 ,-0.002009 ,50000.000000 ,96000.000000 ,-50000.000000 ,-48000.000000 
,0.960000 ,1.920000 ,-0.001072 ,-0.002009 ,-0.003429 ,-0.002679 ,50000.000000 ,48000.000000 ,-50000.000000 ,-0.000000 
,0.000000 ,0.970000 ,0.000000 ,0.000000 ,-0.001105 ,-0.002051 ,50000.000000 ,97000.000000 ,-50000.000000 ,-48500.000000 
,0.970000 ,1.940000 ,-0.001105 ,-0.002051 ,-0.003537 ,-0.002735 ,50000.000000 ,48500.000000 ,-50000.000000 ,0.000000 
,0.000000 ,0.980000 ,0.000000 ,0.000000 ,-0.001140 ,-0.002094 ,50000.000000 ,98000.000000 ,-50000.000000 ,-49000.000000 
,0.980000 ,1.960000 ,-0.001140 ,-0.002094 ,-0.003648 ,-0.002792 ,50000.000000 ,49000.000000 ,-50000.000000 ,0.000000 
,0.000000 ,0.990000 ,0.000000 ,0.000000 ,-0.001175 ,-0.002137 ,50000.000000 ,99000.000000 ,-50000.000000 ,-49500.000000 
,0.990000 ,1.980000 ,-0.001175 ,-0.002137 ,-0.003761 ,-0.002849 ,50000.000000 ,49500.000000 ,-50000.000000 ,0.000000 
,0.000000 ,1.000000 ,0.000000 ,0.000000 ,-0.001211 ,-0.002180 ,50000.000000 ,100000.000000 ,-50000.000000 ,-50000.000000 
,1.000000 ,2.000000 ,-0.001211 ,-0.002180 ,-0.003876 ,-0.002907 ,50000.000000 ,50000.000000 ,-50000.000000 ,-0.000000 
,0.000000 ,1.010000 ,0.000000 ,0.000000 ,-0.001248 ,-0.002224 ,50000.000000 ,101000.000000 ,-50000.000000 ,-50500.000000 
,1.010000 ,2.020000 ,-0.001248 ,-0.002224 ,-0.003993 ,-0.002965 ,50000.000000 ,50500.000000 ,-50000.000000 ,-0.000000 
,0.000000 ,1.020000 ,0.000000 ,0.000000 ,-0.001285 ,-0.002268 ,50000.000000 ,102000.000000 ,-50000.000000 ,-51000.000000 
,1.020000 ,2.040000 ,-0.001285 ,-0.002268 ,-0.004113 ,-0.003024 ,50000.000000 ,51000.000000 ,-50000.000000 ,-0.000000 
,0.000000 ,1.030000 ,0.000000 ,0.000000 ,-0.001324 ,-0.002313 ,50000.000000 ,103000.000000 ,-50000.000000 ,-51500.000000 
,1.030000 ,2.060000 ,-0.001324 ,-0.002313 ,-0.004235 ,-0.003084 ,50000.000000 ,51500.000000 ,-50000.000000 ,0.000000 
,0.000000 ,1.040000 ,0.000000 ,0.000000 ,-0.001362 ,-0.002358 ,50000.000000 ,104000.000000 ,-50000.000000 ,-52000.000000 
,1.040000 ,2.080000 ,-0.001362 ,-0.002358 ,-0.004360 ,-0.003144 ,50000.000000 ,52000.000000 ,-50000.000000 ,0.000000 
,0.000000 ,1.050000 ,0.000000 ,0.000000 ,-0.001402 ,-0.002404 ,50000.000000 ,105000.000000 ,-50000.000000 ,-52500.000000 
,1.050000 ,2.100000 ,-0.001402 ,-0.002404 ,-0.004487 ,-0.003205 ,50000.000000 ,52500.000000 ,-50000.000000 ,0.000000 
,0.000000 ,1.060000 ,0.000000 ,0.000000 ,-0.001443 ,-0.002450 ,50000.000000 ,106000.000000 ,-50000.000000 ,-53000.000000 
,1.060000 ,2.120000 ,-0.001443 ,-0.002450 ,-0.004616 ,-0.003266 ,50000.000000 ,53000.000000 ,-50000.000000 ,-0.000000 
,0.000000 ,1.070000 ,0.000000 ,0.000000 ,-0.001484 ,-0.002496 ,50000.000000 ,107000.000000 ,-50000.000000 ,-53500.000000 
,1.070000 ,2.140000 ,-0.001484 ,-0.002496 ,-0.004748 ,-0.003328 ,50000.000000 ,53500.000000 ,-50000.000000 ,0.000000 
,0.000000 ,1.080000 ,0.000000 ,0.000000 ,-0.001526 ,-0.002543 ,50000.000000 ,108000.000000 ,-50000.000000 ,-54000.000000 
,1.080000 ,2.160000 ,-0.001526 ,-0.002543 ,-0.004883 ,-0.003391 ,50000.000000 ,54000.000000 ,-50000.000000 ,-0.000000 
,0.000000 ,1.090000 ,0.000000 ,0.000000 ,-0.001569 ,-0.002590 ,50000.000000 ,109000.000000 ,-50000.000000 ,-54500.000000 
,1.090000 ,2.180000 ,-0.001569 ,-0.002590 ,-0.005019 ,-0.003454 ,50000.000000 ,54500.000000 ,-50000.000000 ,0.000000 
,0.000000 ,1.100000 ,0.000000 ,0.000000 ,-0.001612 ,-0.002638 ,50000.000000 ,110000.000000 ,-50000.000000 ,-55000.000000 
,1.100000 ,2.200000 ,-0.001612 ,-0.002638 ,-0.005159 ,-0.003517 ,50000.000000 ,55000.000000 ,-50000.000000 ,0.000000 
,0.000000 ,1.110000 ,0.000000 ,0.000000 ,-0.001657 ,-0.002686 ,50000.000000 ,111000.000000 ,-50000.000000 ,-55500.000000 
,1.110000 ,2.220000 ,-0.001657 ,-0.002686 ,-0.005301 ,-0.003582 ,50000.000000 ,55500.000000 ,-50000.000000 ,-0.000000 
,0.000000 ,1.120000 ,0.000000 ,0.000000 ,-0.001702 ,-0.002735 ,50000.000000 ,112000.000000 ,-50000.000000 ,-56000.000000 
,1.120000 ,2.240000 ,-0.001702 ,-0.002735 ,-0.005445 ,-0.003647 ,50000.000000 ,56000.000000 ,-50000.000000 ,0.000000 
,0.000000 ,1.130000 ,0.000000 ,0.000000 ,-0.001748 ,-0.002784 ,50000.000000 ,113000.000000 ,-50000.000000 ,-56500.000000 
,1.130000 ,2.260000 ,-0.001748 ,-0.002784 ,-0.005593 ,-0.003712 ,50000.000000 ,56500.000000 ,-50000.000000 ,-0.000000 
,0.000000 ,1.140000 ,0.000000 ,0.000000 ,-0.001795 ,-0.002833 ,50000.000000 ,114000.000000 ,-50000.000000 ,-57000.000000 
,1.140000 ,2.280000 ,-0.001795 ,-0.002833 ,-0.005742 ,-0.003778 ,50000.000000 ,57000.000000 ,-50000.000000 ,-0.000000 
,0.000000 ,1.150000 ,0.000000 ,0.000000 ,-0.001842 ,-0.002883 ,50000.000000 ,115000.000000 ,-50000.000000 ,-57500.000000 
,1.150000 ,2.300000 ,-0.001842 ,-0.002883 ,-0.005895 ,-0.003844 ,50000.000000 ,57500.000000 ,-50000.000000 ,-0.000000 
,0.000000 ,1.160000 ,0.000000 ,0.000000 ,-0.001891 ,-0.002934 ,50000.000000 ,116000.000000 ,-50000.000000 ,-58000.000000 
,1.160000 ,2.320000 ,-0.001891 ,-0.002934 ,-0.006050 ,-0.003912 ,50000.000000 ,58000.000000 ,-50000.000000 ,-0.000000 
,0.000000 ,1.170000 ,0.000000 ,0.000000 ,-0.001940 ,-0.002985 ,50000.000000 ,117000.000000 ,-50000.000000 ,-58500.000000 
,1.170000 ,2.340000 ,-0.001940 ,-0.002985 ,-0.006208 ,-0.003979 ,50000.000000 ,58500.000000 ,-50000.000000 ,-0.000000 
,0.000000 ,1.180000 ,0.000000 ,0.000000 ,-0.001990 ,-0.003036 ,50000.000000 ,118000.000000 ,-50000.000000 ,-59000.000000 
,1.180000 ,2.360000 ,-0.001990 ,-0.003036 ,-0.006368 ,-0.004048 ,50000.000000 ,59000.000000 ,-50000.000000 ,0.000000 
,0.000000 ,1.190000 ,0.000000 ,0.000000 ,-0.002041 ,-0.003087 ,50000.000000 ,119000.000000 ,-50000.000000 ,-59500.000000 
,1.190000 ,2.380000 ,-0.002041 ,-0.003087 ,-0.006532 ,-0.004117 ,50000.000000 ,59500.000000 ,-50000.000000 ,0.000000 
,0.000000 ,1.200000 ,0.000000 ,0.000000 ,-0.002093 ,-0.003140 ,50000.000000 ,120000.000000 ,-50000.000000 ,-60000.000000 
,1.200000 ,2.400000 ,-0.002093 ,-0.003140 ,-0.006698 ,-0.004186 ,50000.000000 ,60000.000000 ,-50000.000000 ,0.000000 
,0.000000 ,1.210000 ,0.000000 ,0.000000 ,-0.002146 ,-0.003192 ,50000.000000 ,121000.000000 ,-50000.000000 ,-60500.000000 
,1.210000 ,2.420000 ,-0.002146 ,-0.003192 ,-0.006867 ,-0.004256 ,50000.000000 ,60500.000000 ,-50000.000000 ,-0.000000 
,0.000000 ,1.220000 ,0.000000 ,0.000000 ,-0.002199 ,-0.003245 ,50000.000000 ,122000.000000 ,-50000.000000 ,-61000.000000 
,1.220000 ,2.440000 ,-0.002199 ,-0.003245 ,-0.007038 ,-0.004327 ,50000.000000 ,61000.000000 ,-50000.000000 ,0.000000 
,0.000000 ,1.230000 ,0.000000 ,0.000000 ,-0.002254 ,-0.003298 ,50000.000000 ,123000.000000 ,-50000.000000 ,-61500.000000 
,1.230000 ,2.460000 ,-0.002254 ,-0.003298 ,-0.007213 ,-0.004398 ,50000.000000 ,61500.000000 ,-50000.000000 ,0.000000 
,0.000000 ,1.240000 ,0.000000 ,0.000000 ,-0.002309 ,-0.003352 ,50000.000000 ,124000.000000 ,-50000.000000 ,-62000.000000 
,1.240000 ,2.480000 ,-0.002309 ,-0.003352 ,-0.007390 ,-0.004470 ,50000.000000 ,62000.000000 ,-50000.000000 ,-0.000000 
,0.000000 ,1.250000 ,0.000000 ,0.000000 ,-0.002366 ,-0.003407 ,50000.000000 ,125000.000000 ,-50000.000000 ,-62500.000000 
,1.250000 ,2.500000 ,-0.002366 ,-0.003407 ,-0.007570 ,-0.004542 ,50000.000000 ,62500.000000 ,-50000.000000 ,0.000000 
,0.000000 ,1.260000 ,0.000000 ,0.000000 ,-0.002423 ,-0.003461 ,50000.000000 ,126000.000000 ,-50000.000000 ,-63000.000000 
,1.260000 ,2.520000 ,-0.002423 ,-0.003461 ,-0.007753 ,-0.004615 ,50000.000000 ,63000.000000 ,-50000.000000 ,0.000000 
,0.000000 ,1.270000 ,0.000000 ,0.000000 ,-0.002481 ,-0.003516 ,50000.000000 ,127000.000000 ,-50000.000000 ,-63500.000000 
,1.270000 ,2.540000 ,-0.002481 ,-0.003516 ,-0.007939 ,-0.004689 ,50000.000000 ,63500.000000 ,-50000.000000 ,-0.000000 
,0.000000 ,1.280000 ,0.000000 ,0.000000 ,-0.002540 ,-0.003572 ,50000.000000 ,128000.000000 ,-50000.000000 ,-64000.000000 
,1.280000 ,2.560000 ,-0.002540 ,-0.003572 ,-0.008128 ,-0.004763 ,50000.000000 ,64000.000000 ,-50000.000000 ,-0.000000 
,0.000000 ,1.290000 ,0.000000 ,0.000000 ,-0.002600 ,-0.003628 ,50000.000000 ,129000.000000 ,-50000.000000 ,-64500.000000 
,1.290000 ,2.580000 ,-0.002600 ,-0.003628 ,-0.008321 ,-0.004838 ,50000.000000 ,64500.000000 ,-50000.000000 ,-0.000000 
,0.000000 ,1.300000 ,0.000000 ,0.000000 ,-0.002661 ,-0.003685 ,50000.000000 ,130000.000000 ,-50000.000000 ,-65000.000000 
,1.300000 ,2.600000 ,-0.002661 ,-0.003685 ,-0.008516 ,-0.004913 ,50000.000000 ,65000.000000 ,-50000.000000 ,0.000000 
,0.000000 ,1.310000 ,0.000000 ,0.000000 ,-0.002723 ,-0.003741 ,50000.000000 ,131000.000000 ,-50000.000000 ,-65500.000000 
,1.310000 ,2.620000 ,-0.002723 ,-0.003741 ,-0.008714 ,-0.004989 ,50000.000000 ,65500.000000 ,-50000.000000 ,-0.000000 
,0.000000 ,1.320000 ,0.000000 ,0.000000 ,-0.002786 ,-0.003799 ,50000.000000 ,132000.000000 ,-50000.000000 ,-66000.000000 
,1.320000 ,2.640000 ,-0.002786 ,-0.003799 ,-0.008915 ,-0.005065 ,50000.000000 ,66000.000000 ,-50000.000000 ,0.000000 
,0.000000 ,1.330000 ,0.000000 ,0.000000 ,-0.002850 ,-0.003857 ,50000.000000 ,133000.000000 ,-50000.000000 ,-66500.000000 
,1.330000 ,2.660000 ,-0.002850 ,-0.003857 ,-0.009119 ,-0.005142 ,50000.000000 ,66500.000000 ,-50000.000000 ,0.000000 
,0.000000 ,1.340000 ,0.000000 ,0.000000 ,-0.002914 ,-0.003915 ,50000.000000 ,134000.000000 ,-50000.000000 ,-67000.000000 
,1.340000 ,2.680000 ,-0.002914 ,-0.003915 ,-0.009326 ,-0.005220 ,50000.000000 ,67000.000000 ,-50000.000000 ,0.000000 
,0.000000 ,1.350000 ,0.000000 ,0.000000 ,-0.002980 ,-0.003973 ,50000.000000 ,135000.000000 ,-50000.000000 ,-67500.000000 
,1.350000 ,2.700000 ,-0.002980 ,-0.003973 ,-0.009536 ,-0.005298 ,50000.000000 ,67500.000000 ,-50000.000000 ,0.000000 
,0.000000 ,1.360000 ,0.000000 ,0.000000 ,-0.003047 ,-0.004033 ,50000.000000 ,136000.000000 ,-50000.000000 ,-68000.000000 
,1.360000 ,2.720000 ,-0.003047 ,-0.004033 ,-0.009750 ,-0.005377 ,50000.000000 ,68000.000000 ,-50000.000000 ,-0.000000 
,0.000000 ,1.370000 ,0.000000 ,0.000000 ,-0.003115 ,-0.004092 ,50000.000000 ,137000.000000 ,-50000.000000 ,-68500.000000 
,1.370000 ,2.740000 ,-0.003115 ,-0.004092 ,-0.009966 ,-0.005456 ,50000.000000 ,68500.000000 ,-50000.000000 ,0.000000 
,0.000000 ,1.380000 ,0.000000 ,0.000000 ,-0.003183 ,-0.004152 ,50000.000000 ,138000.000000 ,-50000.000000 ,-69000.000000 
,1.380000 ,2.760000 ,-0.003183 ,-0.004152 ,-0.010186 ,-0.005536 ,50000.000000 ,69000.000000 ,-50000.000000 ,0.000000 
,0.000000 ,1.390000 ,0.000000 ,0.000000 ,-0.003253 ,-0.004212 ,50000.000000 ,139000.000000 ,-50000.000000 ,-69500.000000 
,1.390000 ,2.780000 ,-0.003253 ,-0.004212 ,-0.010409 ,-0.005617 ,50000.000000 ,69500.000000 ,-50000.000000 ,0.000000 
,0.000000 ,1.400000 ,0.000000 ,0.000000 ,-0.003324 ,-0.004273 ,50000.000000 ,140000.000000 ,-50000.000000 ,-70000.000000 
,1.400000 ,2.800000 ,-0.003324 ,-0.004273 ,-0.010636 ,-0.005698 ,50000.000000 ,70000.000000 ,-50000.000000 ,0.000000 
,0.000000 ,1.410000 ,0.000000 ,0.000000 ,-0.003395 ,-0.004335 ,50000.000000 ,141000.000000 ,-50000.000000 ,-70500.000000 
,1.410000 ,2.820000 ,-0.003395 ,-0.004335 ,-0.010865 ,-0.005779 ,50000.000000 ,70500.000000 ,-50000.000000 ,0.000000 
,0.000000 ,1.420000 ,0.000000 ,0.000000 ,-0.003468 ,-0.004396 ,50000.000000 ,142000.000000 ,-50000.000000 ,-71000.000000 
,1.420000 ,2.840000 ,-0.003468 ,-0.004396 ,-0.011098 ,-0.005862 ,50000.000000 ,71000.000000 ,-50000.000000 ,0.000000 
,0.000000 ,1.430000 ,0.000000 ,0.000000 ,-0.003542 ,-0.004458 ,50000.000000 ,143000.000000 ,-50000.000000 ,-71500.000000 
,1.430000 ,2.860000 ,-0.003542 ,-0.004458 ,-0.011334 ,-0.005944 ,50000.000000 ,71500.000000 ,-50000.000000 ,-0.000000 
,0.000000 ,1.440000 ,0.000000 ,0.000000 ,-0.003617 ,-0.004521 ,50000.000000 ,144000.000000 ,-50000.000000 ,-72000.000000 
,1.440000 ,2.880000 ,-0.003617 ,-0.004521 ,-0.011574 ,-0.006028 ,50000.000000 ,72000.000000 ,-50000.000000 ,0.000000 
,0.000000 ,1.450000 ,0.000000 ,0.000000 ,-0.003693 ,-0.004584 ,50000.000000 ,145000.000000 ,-50000.000000 ,-72500.000000 
,1.450000 ,2.900000 ,-0.003693 ,-0.004584 ,-0.011816 ,-0.006112 ,50000.000000 ,72500.000000 ,-50000.000000 ,0.000000 
,0.000000 ,1.460000 ,0.000000 ,0.000000 ,-0.003770 ,-0.004647 ,50000.000000 ,146000.000000 ,-50000.000000 ,-73000.000000 
,1.460000 ,2.920000 ,-0.003770 ,-0.004647 ,-0.012063 ,-0.006197 ,50000.000000 ,73000.000000 ,-50000.000000 ,0.000000 
,0.000000 ,1.470000 ,0.000000 ,0.000000 ,-0.003848 ,-0.004711 ,50000.000000 ,147000.000000 ,-50000.000000 ,-73500.000000 
,1.470000 ,2.940000 ,-0.003848 ,-0.004711 ,-0.012312 ,-0.006282 ,50000.000000 ,73500.000000 ,-50000.000000 ,-0.000000 
,0.000000 ,1.480000 ,0.000000 ,0.000000 ,-0.003927 ,-0.004776 ,50000.000000 ,148000.000000 ,-50000.000000 ,-74000.000000 
,1.480000 ,2.960000 ,-0.003927 ,-0.004776 ,-0.012565 ,-0.006367 ,50000.000000 ,74000.000000 ,-50000.000000 ,-0.000000 
,0.000000 ,1.490000 ,0.000000 ,0.000000 ,-0.004007 ,-0.004840 ,50000.000000 ,149000.000000 ,-50000.000000 ,-74500.000000 
,1.490000 ,2.980000 ,-0.004007 ,-0.004840 ,-0.012822 ,-0.006454 ,50000.000000 ,74500.000000 ,-50000.000000 ,-0.000000 
,0.000000 ,1.500000 ,0.000000 ,0.000000 ,-0.004088 ,-0.004906 ,50000.000000 ,150000.000000 ,-50000.000000 ,-75000.000000 
,1.500000 ,3.000000 ,-0.004088 ,-0.004906 ,-0.013081 ,-0.006541 ,50000.000000 ,75000.000000 ,-50000.000000 ,-0.000000 
